<?xml version="1.0"?>
<doc>
    <assembly>
        <name>CefSharp</name>
    </assembly>
    <members>
        <member name="F:CefSharp.CefFileDialogMode.Open">
            <summary>
            Requires that the file exists before allowing the user to pick it.
            </summary>
        </member>
        <member name="F:CefSharp.CefFileDialogMode.OpenMultiple">
            <summary>
            Like Open, but allows picking multiple files to open.
            </summary>
        </member>
        <member name="F:CefSharp.CefFileDialogMode.Save">
            <summary>
            Allows picking a nonexistent file, and prompts to overwrite if the file already exists.
            </summary>
        </member>
        <member name="T:CefSharp.IsBrowserInitializedChangedEventArgs">
            <summary>
            Event arguments to the IsBrowserInitializedChanged event handler.
            </summary>
        </member>
        <member name="F:CefSharp.CefTerminationStatus.AbnormalTermination">
            
        </member>
        <member name="F:CefSharp.CefTerminationStatus.ProcessWasKilled">
            
        </member>
        <member name="F:CefSharp.CefTerminationStatus.ProcessCrashed">
            
        </member>
        <member name="T:CefSharp.IDialogHandler">
            <summary>
            Implement this interface to handle dialog events. The methods of this class will be called on the browser process UI thread.
            </summary>
        </member>
        <member name="M:CefSharp.IDialogHandler.OnFileDialog(CefSharp.IWebBrowser,CefSharp.CefFileDialogMode,System.String,System.String,System.Collections.Generic.List{System.String},System.Collections.Generic.List{System.String}@)">
            <summary>
            Runs a file chooser dialog. 
            </summary>
            <example>
            To test assign something like TempFileDialogHandler (from CefSharp.Example) to DialogHandler e.g.
            <code>
            browser.DialogHandler = new TempFileDialogHandler();
            </code>
            Example URL to use for file browsing http://www.cs.tut.fi/~jkorpela/forms/file.html#example
            Simply click browse, the space next to the browse button should be populated with a randomly generated filename.
            </example>
            <param name="browser">the browser object</param>
            <param name="mode">represents the type of dialog to display</param>
            <param name="title">the title to be used for the dialog. It may be empty to show the default title ("Open" or "Save" 
            depending on the mode).</param>
            <param name="defaultFileName">the default file name to select in the dialog.</param>
            <param name="acceptTypes">a list of valid lower-cased MIME types or file extensions specified in an input element and 
            is used to restrict selectable files to such types.</param>
            <param name="result">the filename(s) the dialog returns</param>
            <returns>To display a custom dialog return true. To display the default dialog return false.</returns>
        </member>
        <member name="T:CefSharp.AddressChangedEventArgs">
            <summary>
            Event arguments to the AddressChanged event handler.
            </summary>
        </member>
        <member name="P:CefSharp.DownloadItem.IsValid">
            <summary>
            Returns true if this object is valid. Do not call any other methods if this function returns false.
            </summary>
        </member>
        <member name="P:CefSharp.DownloadItem.IsInProgress">
            <summary>
            Returns true if the download is in progress.
            </summary>
        </member>
        <member name="P:CefSharp.DownloadItem.IsComplete">
            <summary>
            Returns true if the download is complete.
            </summary>
        </member>
        <member name="P:CefSharp.DownloadItem.IsCancelled">
            <summary>
            Returns true if the download has been canceled or interrupted.
            </summary>
        </member>
        <member name="P:CefSharp.DownloadItem.CurrentSpeed">
            <summary>
            Returns a simple speed estimate in bytes/s.
            </summary>
        </member>
        <member name="P:CefSharp.DownloadItem.PercentComplete">
            <summary>
            Returns the rough percent complete or -1 if the receive total size is unknown.
            </summary>
        </member>
        <member name="P:CefSharp.DownloadItem.TotalBytes">
            <summary>
            Returns the total number of bytes.
            </summary>
        </member>
        <member name="P:CefSharp.DownloadItem.ReceivedBytes">
            <summary>
            Returns the number of received bytes.
            </summary>
        </member>
        <member name="P:CefSharp.DownloadItem.StartTime">
            <summary>
            Returns the time that the download started
            </summary>
        </member>
        <member name="P:CefSharp.DownloadItem.EndTime">
            <summary>
            Returns the time that the download ended
            </summary>
        </member>
        <member name="P:CefSharp.DownloadItem.FullPath">
            <summary>
            Returns the full path to the downloaded or downloading file.
            </summary>
        </member>
        <member name="P:CefSharp.DownloadItem.Id">
            <summary>
            Returns the unique identifier for this download.
            </summary>
        </member>
        <member name="P:CefSharp.DownloadItem.Url">
            <summary>
            Returns the URL.
            </summary>
        </member>
        <member name="P:CefSharp.DownloadItem.SuggestedFileName">
            <summary>
            Returns the suggested file name.
            </summary>
        </member>
        <member name="P:CefSharp.DownloadItem.ContentDisposition">
            <summary>
            Returns the content disposition.
            </summary>
        </member>
        <member name="P:CefSharp.DownloadItem.MimeType">
            <summary>
            Returns the mime type.
            </summary>
        </member>
        <member name="T:CefSharp.CefEventFlags">
            <summary>
            Supported event bit flags.
            </summary>
        </member>
        <member name="F:CefSharp.CefEventFlags.CommandDown">
            <summary>
            Mac OS-X command key.
            </summary>
        </member>
        <member name="T:CefSharp.IsLoadingChangedEventArgs">
            <summary>
            Event arguments to the IsLoadingChanged event handler.
            </summary>
        </member>
        <member name="T:CefSharp.LoadErrorEventArgs">
            <summary>
            Event arguments to the LoadError event handler set up in IWebBrowser.
            </summary>
        </member>
        <member name="P:CefSharp.LoadErrorEventArgs.FailedUrl">
            <summary>
            The URL that failed to load.
            </summary>
        </member>
        <member name="P:CefSharp.LoadErrorEventArgs.ErrorCode">
            <summary>
            The error code.
            </summary>
        </member>
        <member name="P:CefSharp.LoadErrorEventArgs.ErrorText">
            <summary>
            The error text.
            </summary>
        </member>
        <member name="T:CefSharp.FrameLoadStartEventArgs">
            <summary>
            Event arguments to the FrameLoadStart event handler set up in IWebBrowser.
            </summary>
        </member>
        <member name="P:CefSharp.FrameLoadStartEventArgs.Url">
            <summary>
            The URL that was loaded.
            </summary>
        </member>
        <member name="P:CefSharp.FrameLoadStartEventArgs.IsMainFrame">
            <summary>
            Is this the Main Frame
            </summary>
        </member>
        <member name="T:CefSharp.NavStateChangedEventArgs">
            <summary>
            Event arguments to the NavStateChanged event handler set up in IWebBrowser.
            </summary>
        </member>
        <member name="T:CefSharp.ObjectBase">
            <summary>
            This Class provides tool functionality for managed Dispose Pattern
            http://msdn.microsoft.com/en-us/library/fs2xkftw(v=vs.110).aspx
            </summary>
        </member>
        <member name="M:CefSharp.ObjectBase.DisposeGuard">
            <summary>
            If this Object is disposed the Method will throw a <see cref="T:System.ObjectDisposedException"/>.
            Use this method to guard methods that are not allowed to be called after dispose was called
            </summary>
            <exception cref="T:System.ObjectDisposedException"></exception>
        </member>
        <member name="P:CefSharp.ObjectBase.IsDisposed">
            <summary>
            Gets a value indicating whether this instance is disposed. 
            This Value Should be used for lifetime management. 
            i.e. EventHandlers may not be registered if this object is already disposed
            </summary>
            <value>
            <c>true</c> if this instance is disposed; otherwise, <c>false</c>.
            </value>
        </member>
        <member name="T:CefSharp.CefErrorCode">
            <summary>
            Lists some of the error codes that can be reported by CEF.
            </summary>
        </member>
        <member name="F:CefSharp.CefErrorCode.None">
            <summary>
            No error occurred.
            </summary>
        </member>
        <member name="F:CefSharp.CefErrorCode.Aborted">
            <summary>
            A request was aborted, possibly by the user.
            </summary>
        </member>
        <member name="F:CefSharp.CefErrorCode.Failed">
            <summary>
            A generic failure occurred.
            </summary>
        </member>
        <member name="F:CefSharp.CefErrorCode.InvalidArgument">
            <summary>
            An argument to the function is incorrect.
            </summary>
        </member>
        <member name="F:CefSharp.CefErrorCode.InvalidHandle">
            <summary>
            The handle or file descriptor is invalid.
            </summary>
        </member>
        <member name="F:CefSharp.CefErrorCode.FileNotFound">
            <summary>
            The file or directory cannot be found.
            </summary>
        </member>
        <member name="F:CefSharp.CefErrorCode.TimedOut">
            <summary>
            An operation timed out.
            </summary>
        </member>
        <member name="F:CefSharp.CefErrorCode.FileTooBig">
            <summary>
            The file is too large.
            </summary>
        </member>
        <member name="F:CefSharp.CefErrorCode.Unexpected">
            <summary>
            An unexpected error. This may be caused by a programming mistake or an invalid assumption
            </summary>
        </member>
        <member name="F:CefSharp.CefErrorCode.AccessDenied">
            <summary>
            Permission to access a resource, other than the network, was denied.
            </summary>
        </member>
        <member name="F:CefSharp.CefErrorCode.NotImplemented">
            <summary>
            The operation failed because of unimplemented functionality.
            </summary>
        </member>
        <member name="F:CefSharp.CefErrorCode.ConnectionClosed">
            <summary>
            A connection was closed (corresponding to a TCP FIN).
            </summary>
        </member>
        <member name="F:CefSharp.CefErrorCode.ConnectionReset">
            <summary>
            A connection was reset (corresponding to a TCP RST).
            </summary>
        </member>
        <member name="F:CefSharp.CefErrorCode.ConnectionRefused">
            <summary>
            A connection attempt was refused.
            </summary>
        </member>
        <member name="F:CefSharp.CefErrorCode.ConnectionAborted">
            <summary>
            A connection timed out as a result of not receiving an ACK for data sent.
            This can include a FIN packet that did not get ACK'd.
            </summary>
        </member>
        <member name="F:CefSharp.CefErrorCode.ConnectionFailed">
            <summary>
            A connection attempt failed.
            </summary>
        </member>
        <member name="F:CefSharp.CefErrorCode.NameNotResolved">
            <summary>
            The host name could not be resolved.
            </summary>
        </member>
        <member name="F:CefSharp.CefErrorCode.InternetDisconnected">
            <summary>
            The Internet connection has been lost.
            </summary>
        </member>
        <member name="F:CefSharp.CefErrorCode.SslProtocolError">
            <summary>
            An SSL protocol error occurred.
            </summary>
        </member>
        <member name="F:CefSharp.CefErrorCode.AddressInvalid">
            <summary>
            The IP address or port number is invalid (e.g., cannot connect to the IP address 0 or the port 0).
            </summary>
        </member>
        <member name="F:CefSharp.CefErrorCode.AddressUnreachable">
            <summary>
            The IP address is unreachable.  This usually means that there is no route to the specified host or network.
            </summary>
        </member>
        <member name="F:CefSharp.CefErrorCode.SslClientAuthCertNeeded">
            <summary>
            The server requested a client certificate for SSL client authentication.
            </summary>
        </member>
        <member name="F:CefSharp.CefErrorCode.TunnelConnectionFailed">
            <summary>
            A tunnel connection through the proxy could not be established.
            </summary>
        </member>
        <member name="F:CefSharp.CefErrorCode.NoSslVersionsEnabled">
            <summary>
            No SSL protocol versions are enabled.
            </summary>
        </member>
        <member name="F:CefSharp.CefErrorCode.SslVersionOrCipherMismatch">
            <summary>
            The client and server don't support a common SSL protocol version or cipher suite.
            </summary>
        </member>
        <member name="F:CefSharp.CefErrorCode.SslRenegotiationRequested">
            <summary>
            The server requested a renegotiation (rehandshake).
            </summary>
        </member>
        <member name="F:CefSharp.CefErrorCode.CertCommonNameInvalid">
            <summary>
            The server responded with a certificate whose common name did not match the host name.
            This could mean:
            1. An attacker has redirected our traffic to his server and is presenting a certificate
            for which he knows the private key.
            2. The server is misconfigured and responding with the wrong cert.
            3. The user is on a wireless network and is being redirected to the network's login page.
            4. The OS has used a DNS search suffix and the server doesn't have a certificate for the
            abbreviated name in the address bar.
            </summary>
        </member>
        <member name="F:CefSharp.CefErrorCode.CertDateInvalid">
            <summary>
            The server responded with a certificate that, by our clock, appears to either not yet be valid or to have expired.
            This could mean:
            1. An attacker is presenting an old certificate for which he has managed to obtain the private key
            2. The server is misconfigured and is not presenting a valid cert.
            3. Our clock is wrong.
            </summary>
        </member>
        <member name="F:CefSharp.CefErrorCode.CertAuthorityInvalid">
            <summary>
            The server responded with a certificate that is signed by an authority we don't trust.
            The could mean:
            1. An attacker has substituted the real certificate for a cert that
            contains his public key and is signed by his cousin.
            2. The server operator has a legitimate certificate from a CA we don't know about, but should trust.
            3. The server is presenting a self-signed certificate, providing no defense against active attackers (but foiling passive attackers).
            </summary>
        </member>
        <member name="F:CefSharp.CefErrorCode.CertContainsErrors">
            <summary>
            The server responded with a certificate that contains errors. This error is not recoverable.
            MSDN describes this error as follows:
            "The SSL certificate contains errors."
            NOTE: It's unclear how this differs from ERR_CERT_INVALID. For consistency,
            use that code instead of this one from now on.
            </summary>
        </member>
        <member name="F:CefSharp.CefErrorCode.CertNoRevocationMechanism">
            <summary>
            The certificate has no mechanism for determining if it is revoked.  In effect, this certificate cannot be revoked.
            </summary>
        </member>
        <member name="F:CefSharp.CefErrorCode.CertUnableToCheckRevocation">
            <summary>
            Revocation information for the security certificate for this site is not available.
            This could mean:
            1. An attacker has compromised the private key in the certificate and is blocking our attempt to
            find out that the cert was revoked.
            2. The certificate is unrevoked, but the revocation server is busy or unavailable.
            </summary>
        </member>
        <member name="F:CefSharp.CefErrorCode.CertRevoked">
            <summary>
            The server responded with a certificate has been revoked.
            We have the capability to ignore this error, but it is probably not the thing to do.
            </summary>
        </member>
        <member name="F:CefSharp.CefErrorCode.CertInvalid">
            <summary>
            The server responded with a certificate that is invalid. This error is not recoverable.
            </summary>
        </member>
        <member name="F:CefSharp.CefErrorCode.CertEnd">
            <summary>
            The value immediately past the last certificate error code.
            </summary>
        </member>
        <member name="F:CefSharp.CefErrorCode.InvalidUrl">
            <summary>
            The URL is invalid.
            </summary>
        </member>
        <member name="F:CefSharp.CefErrorCode.DisallowedUrlScheme">
            <summary>
            The scheme of the URL is disallowed.
            </summary>
        </member>
        <member name="F:CefSharp.CefErrorCode.UnknownUrlScheme">
            <summary>
            The scheme of the URL is unknown.
            </summary>
        </member>
        <member name="F:CefSharp.CefErrorCode.TooManyRedirects">
            <summary>
            Attempting to load an URL resulted in too many redirects.
            </summary>
        </member>
        <member name="F:CefSharp.CefErrorCode.UnsafeRedirect">
            <summary>
            Attempting to load an URL resulted in an unsafe redirect (e.g., a redirect to file:// is considered unsafe).
            </summary>
        </member>
        <member name="F:CefSharp.CefErrorCode.UnsafePort">
            <summary>
            Attempting to load an URL with an unsafe port number.  These are port 
            numbers that correspond to services, which are not robust to spurious input
            that may be constructed as a result of an allowed web construct (e.g., HTTP
            looks a lot like SMTP, so form submission to port 25 is denied).
            </summary>
        </member>
        <member name="F:CefSharp.CefErrorCode.InvalidResponse">
            <summary>
            The server's response was invalid.
            </summary>
        </member>
        <member name="F:CefSharp.CefErrorCode.InvalidChunkedEncoding">
            <summary>
            Error in chunked transfer encoding.
            </summary>
        </member>
        <member name="F:CefSharp.CefErrorCode.MethodNotSupported">
            <summary>
            The server did not support the request method.
            </summary>
        </member>
        <member name="F:CefSharp.CefErrorCode.UnexpectedProxyAuth">
            <summary>
            The response was 407 (Proxy Authentication Required), yet we did not send the request to a proxy.
            </summary>
        </member>
        <member name="F:CefSharp.CefErrorCode.EmptyResponse">
            <summary>
            The server closed the connection without sending any data.
            </summary>
        </member>
        <member name="F:CefSharp.CefErrorCode.ResponseHeadersTooBig">
            <summary>
            The headers section of the response is too large.
            </summary>
        </member>
        <member name="F:CefSharp.CefErrorCode.CacheMiss">
            <summary>
            The cache does not have the requested entry.
            </summary>
        </member>
        <member name="F:CefSharp.CefErrorCode.InsecureResponse">
            <summary>
            The server's response was insecure (e.g. there was a cert error).
            </summary>
        </member>
        <member name="M:CefSharp.CefSettingsBase.RegisterScheme(CefSharp.CefCustomScheme)">
            <summary>
            Registers a custom scheme using the provided settings.
            </summary>
            <param name="cefCustomScheme">The CefCustomScheme which provides the details about the scheme.</param>
        </member>
        <member name="T:CefSharp.ConsoleMessageEventArgs">
            <summary>
            Event arguments to the ConsoleMessage event handler set up in IWebBrowser.
            </summary>
        </member>
        <member name="P:CefSharp.ConsoleMessageEventArgs.Message">
            <summary>
            The message text of the console message.
            </summary>
        </member>
        <member name="P:CefSharp.ConsoleMessageEventArgs.Source">
            <summary>
            The source of the console message.
            </summary>
        </member>
        <member name="P:CefSharp.ConsoleMessageEventArgs.Line">
            <summary>
            The line number that generated the console message.
            </summary>
        </member>
        <member name="M:CefSharp.IDownloadHandler.OnBeforeDownload(CefSharp.DownloadItem,System.String@,System.Boolean@)">
            <summary>
            Called before a download begins.
            </summary>
            <param name="downloadItem">Represents the file being downloaded.</param>
            <param name="downloadPath">Path where the file will be saved if <see cref="!:showDialog"/> is False.</param>
            <param name="showDialog">Display a dialog allowing the user to specify a custom path and filename.</param>
            <returns>Return True to continue the download otherwise return False to cancel the download</returns>
        </member>
        <member name="M:CefSharp.IDownloadHandler.OnDownloadUpdated(CefSharp.DownloadItem)">
            <summary>
            Called when a download's status or progress information has been updated. This may be called multiple times before and after <see cref="M:CefSharp.IDownloadHandler.OnBeforeDownload(CefSharp.DownloadItem,System.String@,System.Boolean@)"/>.
            </summary>
            <param name="downloadItem">Represents the file being downloaded.</param>
            <returns>Return True to cancel, otherwise False to allow the download to continue.</returns>
        </member>
        <member name="M:CefSharp.IWebBrowser.Load(System.String)">
            <summary>
            Loads the specified URL.
            </summary>
            <param name="url">The URL to be loaded.</param>
        </member>
        <member name="M:CefSharp.IWebBrowser.LoadHtml(System.String,System.String)">
            <summary>
            Loads custom HTML content into the web browser.
            </summary>
            <param name="html">The HTML content.</param>
            <param name="url">The URL that will be treated as the address of the content.</param>
        </member>
        <member name="M:CefSharp.IWebBrowser.RegisterJsObject(System.String,System.Object)">
            <summary>
            Registers a Javascript object in this specific browser instance.
            </summary>
            <param name="name">The name of the object. (e.g. "foo", if you want the object to be accessible as window.foo).</param>
            <param name="objectToBind">The object to be made accessible to Javascript.</param>
        </member>
        <member name="M:CefSharp.IWebBrowser.ExecuteScriptAsync(System.String)">
            <summary>
            Execute some Javascript code in the context of this WebBrowser. As the method name implies, the script will be
            executed asynchronously, and the method therefore returns before the script has actually been executed.
            </summary>
            <param name="script">The Javascript code that should be executed.</param>
        </member>
        <member name="M:CefSharp.IWebBrowser.EvaluateScript(System.String,System.Nullable{System.TimeSpan})">
            <summary>
            Execute some Javascript code in the context of this WebBrowser, and return the result of the evaluation.
            </summary>
            <param name="script">The Javascript code that should be executed.</param>
            <param name="timeout">The timeout after which the Javascript code execution should be aborted.</param>
        </member>
        <member name="M:CefSharp.IWebBrowser.Find(System.Int32,System.String,System.Boolean,System.Boolean,System.Boolean)">
            <summary>
            Search for text within the current page.
            </summary>
            <param name="identifier">Can be used in can conjunction with searchText to have multiple
            searches running simultaneously.</param>
            <param name="searchText">search text</param>
            <param name="forward">indicates whether to search forward or backward within the page.</param>
            <param name="matchCase">indicates whether the search should be case-sensitive. </param>
            <param name="findNext">indicates whether this is the first request or a follow-up.</param>
        </member>
        <member name="M:CefSharp.IWebBrowser.StopFinding(System.Boolean)">
            <summary>
            Cancel all searches that are currently going on.
            </summary>
            <param name="clearSelection">clear the current search selection</param>
        </member>
        <member name="M:CefSharp.IWebBrowser.Back">
            <summary>
            Navigates back, must check <see cref="P:CefSharp.IWebBrowser.CanGoBack"/> before calling this method.
            </summary>
        </member>
        <member name="M:CefSharp.IWebBrowser.Forward">
            <summary>
            Navigates forward, must check <see cref="P:CefSharp.IWebBrowser.CanGoForward"/> before calling this method.
            </summary>
        </member>
        <member name="M:CefSharp.IWebBrowser.Stop">
            <summary>
            Stops loading the current page.
            </summary>
        </member>
        <member name="M:CefSharp.IWebBrowser.GetSourceAsync">
            <summary>
            Retrieve the main frame's HTML source using a <see cref="T:System.Threading.Tasks.Task`1"/>.
            </summary>
            <returns><see cref="T:System.Threading.Tasks.Task`1"/> that when executed returns the frame source as a string</returns>
        </member>
        <member name="M:CefSharp.IWebBrowser.GetTextAsync">
            <summary>
            Retrieve the main frame's display text using a <see cref="T:System.Threading.Tasks.Task`1"/>.
            </summary>
            <returns><see cref="T:System.Threading.Tasks.Task`1"/> that when executed returns the frame display text as a string.</returns>
        </member>
        <member name="M:CefSharp.IWebBrowser.ViewSource">
            <summary>
            Opens up a new program window (using the default text editor) where the source code of the currently displayed web
            page is shown.
            </summary>
        </member>
        <member name="M:CefSharp.IWebBrowser.Focus">
            <summary>
            Attempts to give focus to the IWpfWebBrowser control.
            </summary>
            <returns><c>true</c> if keyboard focus and logical focus were set to this element; <c>false</c> if only logical focus
            was set to this element, or if the call to this method did not force the focus to change.</returns>
        </member>
        <member name="M:CefSharp.IWebBrowser.Reload">
            <summary>
            Reloads the page being displayed. This method will use data from the browser's cache, if available.
            </summary>
        </member>
        <member name="M:CefSharp.IWebBrowser.Reload(System.Boolean)">
            <summary>
            Reloads the page being displayed, optionally ignoring the cache (which means the whole page including all .css, .js
            etc. resources will be re-fetched).
            </summary>
            <param name="ignoreCache"><c>true</c> A reload is performed ignoring browser cache; <c>false</c> A reload is
            performed using files from the browser cache, if available.</param>
        </member>
        <member name="M:CefSharp.IWebBrowser.Print">
            <summary>
            Opens a Print Dialog which if used (can be user cancelled) will print the browser contents.
            </summary>
        </member>
        <member name="M:CefSharp.IWebBrowser.ShowDevTools">
            <summary>
            Open developer tools in its own window. 
            </summary>
        </member>
        <member name="M:CefSharp.IWebBrowser.CloseDevTools">
            <summary>
            Explicitly close the developer tools window if one exists for this browser instance.
            </summary>
        </member>
        <member name="E:CefSharp.IWebBrowser.ConsoleMessage">
            <summary>
            Event handler for receiving Javascript console messages being sent from web pages.
            </summary>
        </member>
        <member name="E:CefSharp.IWebBrowser.StatusMessage">
            <summary>
            Event handler for changes to the status message.
            </summary>
        </member>
        <member name="E:CefSharp.IWebBrowser.FrameLoadStart">
            <summary>
            Event handler that will get called when the browser begins loading a frame. Multiple frames may be loading at the same
            time. Sub-frames may start or continue loading after the main frame load has ended. This method may not be called for a
            particular frame if the load request for that frame fails. For notification of overall browser load status use
            OnLoadingStateChange instead.
            </summary>
        </member>
        <member name="E:CefSharp.IWebBrowser.FrameLoadEnd">
            <summary>
            Event handler that will get called when the browser is done loading a frame. Multiple frames may be loading at the same
            time. Sub-frames may start or continue loading after the main frame load has ended. This method will always be called
            for all frames irrespective of whether the request completes successfully.
            </summary>
        </member>
        <member name="E:CefSharp.IWebBrowser.LoadError">
            <summary>
            Event handler that will get called when the resource load for a navigation fails or is canceled.
            </summary>
        </member>
        <member name="P:CefSharp.IWebBrowser.DialogHandler">
            <summary>
            Implement <see cref="T:CefSharp.IDialogHandler"/> and assign to handle dialog events.
            </summary>
        </member>
        <member name="P:CefSharp.IWebBrowser.RequestHandler">
            <summary>
            Implement <see cref="T:CefSharp.IRequestHandler"/> and assign to handle events related to browser requests.
            </summary>
        </member>
        <member name="P:CefSharp.IWebBrowser.LifeSpanHandler">
            <summary>
            Implement <see cref="T:CefSharp.ILifeSpanHandler"/> and assign to handle events related to popups.
            </summary>
        </member>
        <member name="P:CefSharp.IWebBrowser.KeyboardHandler">
            <summary>
            Implement <see cref="T:CefSharp.IKeyboardHandler"/> and assign to handle events related to key press.
            </summary>
        </member>
        <member name="P:CefSharp.IWebBrowser.JsDialogHandler">
            <summary>
            Implement <see cref="T:CefSharp.IJsDialogHandler"/> and assign to handle events related to JavaScript Dialogs.
            </summary>
        </member>
        <member name="P:CefSharp.IWebBrowser.DownloadHandler">
            <summary>
            Implement <see cref="T:CefSharp.IDownloadHandler"/> and assign to handle events related to downloading files.
            </summary>
        </member>
        <member name="P:CefSharp.IWebBrowser.IsBrowserInitialized">
            <summary>
            A flag that indicates whether the WebBrowser is initialized (true) or not (false).
            </summary>
            <remarks>In the WPF control, this property is implemented as a Dependency Property and fully supports data
            binding.</remarks>
        </member>
        <member name="P:CefSharp.IWebBrowser.IsLoading">
            <summary>
            A flag that indicates whether the control is currently loading one or more web pages (true) or not (false).
            </summary>
            <remarks>In the WPF control, this property is implemented as a Dependency Property and fully supports data
            binding.</remarks>
        </member>
        <member name="P:CefSharp.IWebBrowser.CanGoBack">
            <summary>
            A flag that indicates whether the state of the control current supports the GoBack action (true) or not (false).
            </summary>
            <remarks>In the WPF control, this property is implemented as a Dependency Property and fully supports data
            binding.</remarks>
        </member>
        <member name="P:CefSharp.IWebBrowser.CanGoForward">
            <summary>
            A flag that indicates whether the state of the control currently supports the GoForward action (true) or not (false).
            </summary>
            <remarks>In the WPF control, this property is implemented as a Dependency Property and fully supports data
            binding.</remarks>
        </member>
        <member name="P:CefSharp.IWebBrowser.CanReload">
            <summary>
            A flag that indicates whether the state of the control currently supports the Reload action (true) or not (false).
            </summary>
            <remarks>In the WPF control, this property is implemented as a Dependency Property and fully supports data
            binding.</remarks>
        </member>
        <member name="P:CefSharp.IWebBrowser.Address">
            <summary>
            The address (URL) which the browser control is currently displaying.
            Will automatically be updated as the user navigates to another page (e.g. by clicking on a link).
            </summary>
            <remarks>In the WPF control, this property is implemented as a Dependency Property and fully supports data
            binding.</remarks>
        </member>
        <member name="P:CefSharp.IWebBrowser.Title">
            <summary>
            The title of the web page being currently displayed.
            </summary>
            <remarks>In the WPF control, this property is implemented as a Dependency Property and fully supports data
            binding.</remarks>
        </member>
        <member name="P:CefSharp.IWebBrowser.TooltipText">
            <summary>
            The text that will be displayed as a ToolTip
            </summary>
        </member>
        <member name="P:CefSharp.IWebBrowser.ZoomLevel">
            <summary>
            The zoom level at which the browser control is currently displaying. Can be set to 0 to clear the zoom level (resets to
            default zoom level).
            </summary>
            <remarks>In the WPF control, this property is implemented as a Dependency Property and fully supports data
            binding.</remarks>
        </member>
        <member name="T:CefSharp.IWebPluginInfo">
            <summary>
            Wrapper for the CEF3 CefWebPluginInfo
            </summary>
        </member>
        <member name="M:CefSharp.IRequestHandler.OnBeforeBrowse(CefSharp.IWebBrowser,CefSharp.IRequest,System.Boolean)">
            <summary>
            Called before browser navigation.
            If the navigation is allowed <see cref="E:CefSharp.IWebBrowser.FrameLoadStart"/> and <see cref="E:CefSharp.IWebBrowser.FrameLoadEnd"/>
            will be called. If the navigation is canceled <see cref="E:CefSharp.IWebBrowser.LoadError"/> will be called with an ErrorCode
            value of <see cref="F:CefSharp.CefErrorCode.Aborted"/>. 
            </summary>
            <param name="browser">the browser object</param>
            <param name="request">the request object - cannot be modified in this callback</param>
            <param name="isRedirect">has the request been redirected</param>
            <returns>Return true to cancel the navigation or false to allow the navigation to proceed.</returns>
        </member>
        <member name="M:CefSharp.IRequestHandler.OnPluginCrashed(CefSharp.IWebBrowser,System.String)">
            <summary>
            Called when a plugin has crashed
            </summary>
            <param name="browser">the browser object</param>
            <param name="pluginPath">path of the plugin that crashed</param>
        </member>
        <member name="M:CefSharp.IRequestHandler.OnBeforeResourceLoad(CefSharp.IWebBrowser,CefSharp.IRequestResponse)">
            <summary>
            Called before a resource request is loaded.
            </summary>
            <param name="browser">the browser object</param>
            <param name="requestResponse">the request response object - can be modified in this callback</param>
            <returns>To cancel loading of the resource return true or false o allow the resource to load normally.</returns>
        </member>
        <member name="M:CefSharp.IRequestHandler.GetAuthCredentials(CefSharp.IWebBrowser,System.Boolean,System.String,System.Int32,System.String,System.String,System.String@,System.String@)">
            <summary>
            Called when the browser needs credentials from the user.
            </summary>
            <param name="browser">the browser object</param>
            <param name="isProxy">indicates whether the host is a proxy server</param>
            <param name="host">hostname</param>
            <param name="port">port number</param>
            <param name="realm">realm</param>
            <param name="scheme">scheme</param>
            <param name="username">requested username</param>
            <param name="password">requested password</param>
            <returns>Return true to continue the request and call CefAuthCallback::Continue() when the authentication information is available. Return false to cancel the request. </returns>
        </member>
        <member name="M:CefSharp.IRequestHandler.OnBeforePluginLoad(CefSharp.IWebBrowser,System.String,System.String,CefSharp.IWebPluginInfo)">
            <summary>
            Called on the browser process IO thread before a plugin is loaded.
            </summary>
            <param name="browser">the browser object</param>
            <param name="url">URL</param>
            <param name="policyUrl">policy URL</param>
            <param name="info">plugin information</param>
            <returns>Return true to block loading of the plugin.</returns>
        </member>
        <member name="M:CefSharp.IRequestHandler.OnRenderProcessTerminated(CefSharp.IWebBrowser,CefSharp.CefTerminationStatus)">
            <summary>
            Called when the render process terminates unexpectedly.
            </summary>
            <param name="browser">the browser object</param>
            <param name="status">indicates how the process terminated.</param>
        </member>
        <member name="M:CefSharp.IRequestResponse.Cancel">
            cancel the request, return nothing
        </member>
        <member name="M:CefSharp.IRequestResponse.Redirect(System.String)">
            respond with redirection to the provided URL
        </member>
        <member name="M:CefSharp.IRequestResponse.RespondWith(System.IO.Stream,System.String)">
            respond with data from Stream
        </member>
        <member name="P:CefSharp.IRequestResponse.Request">
            the current request
        </member>
        <member name="M:CefSharp.ISchemeHandler.ProcessRequestAsync(CefSharp.IRequest,CefSharp.ISchemeHandlerResponse,CefSharp.OnRequestCompletedHandler)">
            <summary>
            Processes a custom scheme-based request asynchronously. The implementing method should call the callback whenever the
            request is completed.
            </summary>
            <param name="request">The request object.</param>
            <param name="response">The SchemeHandlerResponse object in which the handler is supposed to place the response
            information.</param>
            <param name="requestCompletedCallback">A callback which the handler is supposed to call once the processing is
            complete. The callback may be called on any thread.</param>
            <returns>true if the request is handled, false otherwise.</returns>
        </member>
        <member name="P:CefSharp.ISchemeHandlerResponse.ResponseStream">
            <summary>
            A Stream with the response data. If the request didn't return any response, leave this property as null.
            </summary>
        </member>
        <member name="P:CefSharp.ISchemeHandlerResponse.StatusCode">
            <summary>
            The status code of the response. Unless set, the default value used is 200
            (corresponding to HTTP status OK).
            </summary>
        </member>
        <member name="P:CefSharp.ISchemeHandlerResponse.ContentLength">
            <summary>
            The length of the response contents. Defaults to -1, which means unknown length
            and causes CefSharp to read the response stream in pieces. Thus, setting a length
            is optional but allows for more optimal response reading.
            </summary>
        </member>
        <member name="P:CefSharp.ISchemeHandlerResponse.RedirectUrl">
            <summary>
            URL to redirect to (leave empty to not redirect).
            </summary>
        </member>
        <member name="P:CefSharp.ISchemeHandlerResponse.CloseStream">
            <summary>
            Set to true to close the response stream once it has been read. The default value
            is false in order to preserve the old CefSharp behavior of not closing the stream.
            </summary>
        </member>
        <member name="T:CefSharp.FrameLoadEndEventArgs">
            <summary>
            Event arguments to the FrameLoadEnd event handler set up in IWebBrowser.
            </summary>
        </member>
        <member name="P:CefSharp.FrameLoadEndEventArgs.Url">
            <summary>
            The URL that was loaded.
            </summary>
        </member>
        <member name="P:CefSharp.FrameLoadEndEventArgs.IsMainFrame">
            <summary>
            Is this the Main Frame
            </summary>
        </member>
        <member name="P:CefSharp.FrameLoadEndEventArgs.HttpStatusCode">
            <summary>
            Http Status Code
            </summary>
        </member>
        <member name="F:CefSharp.LogSeverity.Default">
            <summary>
            Default logging (currently Info logging)
            </summary>
        </member>
        <member name="F:CefSharp.LogSeverity.Verbose">
            <summary>
            Verbose logging.
            </summary>
        </member>
        <member name="F:CefSharp.LogSeverity.Info">
            <summary>
            Info logging
            </summary>
        </member>
        <member name="F:CefSharp.LogSeverity.Warning">
            <summary>
            Warning logging
            </summary>
        </member>
        <member name="F:CefSharp.LogSeverity.Error">
            <summary>
            Error logging
            </summary>
        </member>
        <member name="F:CefSharp.LogSeverity.ErrorReport">
            <summary>
            ErrorReport logging
            </summary>
        </member>
        <member name="F:CefSharp.LogSeverity.Disable">
            <summary>
            Completely disable logging
            </summary>
        </member>
        <member name="T:CefSharp.StatusMessageEventArgs">
            <summary>
            Event arguments to the StatusMessage event handler set up in IWebBrowser.
            </summary>
        </member>
        <member name="P:CefSharp.StatusMessageEventArgs.Value">
            <summary>
            The value of the status message.
            </summary>
        </member>
        <member name="T:CefSharp.TitleChangedEventArgs">
            <summary>
            Event arguments to the TitleChanged event handler.
            </summary>
        </member>
    </members>
</doc>
